turnover_series,rolling_mean
0.3099542957273603,
0.05125358970758964,
0.20502435453730203,
0.1128443895050361,
0.10529418042567805,
0.11762562216619335,
0.03544511400417766,
0.09943123442146606,
0.0114253505068065,
0.06689277585669424,
0.03135297659144226,
0.03831224925817278,
0.037517358237348364,
0.013574013791942341,
0.03152013893192368,
0.000822639236418371,
0.023296717808743483,
0.009555494658026104,
0.013066460314960143,
0.011248596789428994,
0.0058964896971168135,0.7607737383850441
0.010727793764286814,0.5897871658347164
9.334390838561246e-05,0.5605527396637426
0.007567324030148814,0.44772015080251226
0.002380696214389716,0.3845980403507143
0.004937608471981325,0.3272514278057448
0.003765135198521702,0.2621882923956468
0.0020356050882957,0.2430971444437142
0.00329304180632925,0.18816103437792173
0.0004823998439552335,0.1819079197134353
0.0027526147016966596,0.14525639905343668
0.0007942331928456892,0.12779425996852434
0.001589621555826981,0.10680990128146958
0.0010288117239984906,0.0859593032738411
0.0009095777283270323,0.07872248266606091
0.0011896985233590673,0.061390802432595426
0.00013837574696151655,0.060999794724334366
0.000832142221542459,0.04816289438879092
0.00011729989169451116,0.042769640236601444
0.0006427357450511095,0.03567036905379628
0.0003873168079006062,0.02946392335006577
0.0002679254513179019,0.026247600923894967
0.37935587704914725,0.23689221994381518
0.5704608949343523,0.5628165348157962
0.02742398019480141,0.5741631954813119
0.2889933495906907,0.7379418545534839
0.016750903912644395,0.7446923090910056
0.14552585772649143,0.8256984362498456
0.026817319845014398,0.8398594161108275
0.06811981798543257,0.8769032882131724
0.01956237237467856,0.8878061296593
0.033202035025732324,0.9052057984158917
0.014797355993408534,0.9132075828733562
0.013682866456950993,0.9201180085311412
0.007856784345928569,0.9240197071722442
0.006843153911008232,0.9274103221337764
0.005515772855268025,0.929882364609153
0.0020074117027854277,0.9309503851553383
0.0022783515809848554,0.931776790503591
0.0013421494052049676,0.9324767045113111
0.0018205563028738103,0.9331497448300672
2.7667683710652646e-05,0.9329442310448156
0.0004632867737123514,0.933055866086184
0.0003192555883293202,0.7164635109657165
0.0006078679324624803,0.3908332098217794
0.000217024707190705,0.3752863781145733
3.0204633415520377e-06,0.2101490471846595
0.00013465623932926163,0.20065404851419372
0.0002318012818266213,0.11762887340295669
0.00015107817171988724,0.10239102101821698
7.282175401865376e-05,0.06350702317169474
8.473471259096144e-05,0.052376944507644685
0.00010770480890359702,0.03346589866945683
8.94148470527989e-05,0.025061360871539273
6.268491222358175e-05,0.017278399988837893
5.6782299136526326e-05,0.01282125596209958
5.8707708161104266e-05,0.008944429560472651
5.245276495796647e-05,0.005822532366009762
4.2472443318453124e-05,0.004699709932028633
3.7026902658027216e-05,0.0034189529729847317
3.475595656854402e-05,0.0026718710023353465
3.13524518235353e-05,0.0016494688017351894
2.691612992469783e-05,0.0016490393424289295
2.3502551615706135e-05,0.0013977340726594178
0.05844413129178841,0.03461194876035033
0.21044683299175765,0.15451992879423326
0.18519616027646726,0.260222291976677
0.21867821059762813,0.3851795434819837
0.04809164867612406,0.4125835391601521
0.17249873428140652,0.5110217865884834
0.031057103128004415,0.5286823722777889
0.11023634835348628,0.591632958906056
0.0636600094821557,0.6279616873458074
0.05377321822197326,0.6586276950104186
0.06522208986112427,0.6958463664470309
0.013433565101303974,0.7034868694122198
0.05122631671879724,0.7327266033663116
0.009904547518458512,0.7383527975436243
0.0324196576009918,0.7568483431642152
0.019203212722992302,0.7677973376097431
0.015701665565916956,0.776748559703034
0.01953951719107519,0.7878941375513233
0.003688661599962506,0.7899840284931172
0.015178506081022614,0.7986420798937445
0.003100160803313018,0.8004001703232857
0.00958251400539642,0.7724792461596333
0.005831708096907029,0.6555563176482899
0.004553634353126668,0.5523320171206667
0.005826436044305244,0.4307024316616251
0.0010337629636251455,0.40381221125448286
0.004523491882354874,0.3078263584550248
0.0009899297794974116,0.2906451165415922
0.002813400374196612,0.229260574839141
0.001752708645135409,0.19388497436084373
0.0013361536185970968,0.16392093744462877
0.0017520631836829281,0.1276523507718051
0.0002756704577865088,0.12013355383265228
0.0013364100111121768,0.0916250357139751
0.000303962530050772,0.08613898714917068
0.0008354808060171692,0.06809088612347089
0.0005353340860624889,0.05742352690236814
0.00038420546904124886,0.0486706925612963
0.0005197434020236813,0.03780225039612401
7.887829510161426e-05,0.035739517079060645
0.0004004921259926353,0.027294937676186376
9.837863719228124e-05,0.02557963358126024
0.32725780162918944,0.20710836936628485
0.2035877975514922,0.3201118490546192
0.45060735008886166,0.5749996866178962
0.4272916476667015,0.8158369504021228
0.18156061443077431,0.9189951512404938
0.4784879986634691,1.1898320122582733
0.06909696497222134,1.228750318082687
0.4196027178713335,1.4669156423667653
0.2865211389630199,1.6296404596912704
0.24572666043083546,1.7692921778696922
0.3957893544395116,1.9944563443015944
0.03364383560094969,2.0135238672405444
0.3994970118874892,2.2410442111699034
0.17679319857129638,2.3418952031934723
0.2909553042916666,2.5076779594709864
0.31932625868269127,2.689844202097632
0.1172772309042916,2.75664021663206
0.37115786462946254,2.968433428762025
0.08012236331202874,3.0141725630574117
0.31723120325143117,3.1952186837005208
0.2413841190168478,3.333096249631751
0.1837443439686195,3.2510885595399976
0.33079785300250103,3.3237800197977165
0.006300264259386665,3.0698902564665884
0.32463075370419087,3.0112268884880096
0.1619467947024103,3.0000189915003737
0.23259646950608776,2.8595095462675837
0.27908839133156266,2.97950464704435
0.08137824580872749,2.7862335201514323
0.3141296064111112,2.8020097872646277
0.083576257636919,2.709352414239533
0.2633226893055385,2.63365717702012
0.21866213628211034,2.7393819202664975
0.14316541443367004,2.592906721721458
0.28771396873036265,2.65629001895521
0.009618144151795072,2.495525927446712
0.2761122532470355,2.470832210054909
0.15307355758534646,2.4912872538726543
0.18999865050226522,2.3877677029428273
0.24821751794172522,2.4838220770169395
0.05664868326884703,2.3349177798840346
0.27204975447235197,2.3524410001443226
0.36727049390341193,2.4573130858213466
0.33914311241024525,2.4620818054829154
0.055969412166398114,2.490464175715493
0.15957686440728552,2.396147667545833
0.01062392074213847,2.309677453854248
0.08469887108112989,2.2251645404685583
0.012646034372029685,2.072911765063111
0.03497029351328648,2.046392935180002
0.007590287543182778,1.8712276101126144
0.019299102430693854,1.8344978071376286
0.00938763487233113,1.6893920617472247
0.005742840421128492,1.567723892683806
0.0034190441084482326,1.487868823926536
0.004153810696427923,1.325834447907145
0.0038929776401559757,1.3225629241862082
0.00011458993128279915,1.164849973720064
0.0007545260076922133,1.077810527104262
0.000999377182694522,0.9698109423502214
0.0014500049452231267,0.8288009349236487
0.0005276141094896214,0.7967317525468731
6.670161907107452e-05,0.6413128652021413
0.000374014162125319,0.43165773392140605
0.0005755075245829355,0.23819053112959893
0.0003857402267450072,0.2064284328783686
0.00019885820933301934,0.1153552864795386
0.00021563268914512324,0.10940769330639954
0.0002673961936984215,0.06116113622786727
0.00022752007206422453,0.054064842342172736
0.00016112680645619104,0.03417388993826971
0.000140898989811733,0.029917096479200534
0.00014444799972179734,0.018971579661502216
0.00013149736349921115,0.01368235822788398
0.00010691969246115485,0.01046183209721693
9.134350836026428e-05,0.008560288897166661
8.509685652757781e-05,0.0062353095600807505
7.760503315346057e-05,0.0040550966417935985
6.690656296881592e-05,0.004027849002757036
5.7829371498702153e-05,0.003629736639217887
5.190478109401431e-05,0.0030883238383033118
4.678096074334226e-05,0.0022864815614577205
4.120444729052708e-05,0.0020085331830582377
3.6053754598641685e-05,0.0019910201176454195
0.034539593374347144,0.021514208238915034
0.1975171227093812,0.13405227405879977
0.12021916415701642,0.20252851630466917
0.13403074024132686,0.27900387746580846
0.044918488662161415,0.30454836659324636
0.09445930466119906,0.358372314288961
6.398738710861052e-06,0.3582459592413306
0.052475646183144375,0.3881399703137238
0.009298743158243084,0.39337302412425595
0.03180801366738498,0.41146649022006354
0.01525720755407664,0.42010975318610766
0.01370108614529697,0.42787784830201403
0.010846381771346641,0.43402358445229183
0.007089318932943955,0.438025997067387
0.009408892298758048,0.44335816121916105
0.0010736933502775714,0.4439334679547661
0.005097436662458932,0.4468132435496005
0.00019905625330260412,0.4468973301051482
0.0037946469546451256,0.4490389678159492
0.0013345871132426912,0.4497780436250647
0.001510684822571412,0.45062068994962057
0.0007490367076440074,0.4313118004257903
0.001109153606594332,0.31907867522419786
0.001035485264015229,0.2509737158567685
0.00015707125875377703,0.17447447643815528
0.0004299416078534235,0.14905244954997923
0.00020219129860252205,0.0951912419142098
0.000490968258114427,0.09546813878244043
0.00014963185987290628,0.06556755916914245
0.00012780958043456803,0.06032702569610901
2.59185182951982e-06,0.04215249894436303
0.00018105767552289986,0.033537556156618034
0.00013451246482357182,0.025785228339204665
3.7326982432750455e-07,0.01958750919547763
1.3935392952690862e-05,0.015544432886911194
5.6474057768457486e-05,0.010200193892059999
7.371122516044992e-05,0.009628775534850214
2.8054650411862836e-05,0.00673198581368046
9.104240580593004e-07,0.006618759625540721
1.7340830376355587e-05,0.004460298983101423
3.340196879592083e-05,0.0037167646148461263
2.3305307880056025e-05,0.0028668334635939224
0.12727484673653494,0.07516729633724589
0.20841626833935512,0.19362850475596635
0.055605650049142696,0.22481145606175346
0.1095697304459303,0.2873329755972829
0.06872265430472477,0.32635738285263793
0.036503906355524224,0.3471012200280218
0.04347209847680519,0.3716618658672737
0.013663112983765324,0.37938385508092654
0.032494714508102596,0.39787922932530817
0.004029953627141258,0.4001805789112006
0.015141138737872761,0.40872919666111485
0.004189789227141971,0.41104649766815393
0.009656801696867084,0.4165644567693212
0.006731330429893101,0.42040296821900147
0.0024290401279197515,0.42175872025908784
0.003398893528484631,0.4236588244324161
0.0015669520028827877,0.4245381943481137
0.0033473022452344403,0.4264504182459288
0.0007752899208532393,0.42688353201191565
0.0010826974367507958,0.4274831294221756
0.0001561101003577925,0.42755901787501993
0.0011188249755904045,0.3554698625830516
0.0008490316824605881,0.2368600130648261
3.902815923109704e-05,0.20510765769916228
0.0001711282455205687,0.14259417072749964
0.00027635260778002824,0.1034819983292455
0.0004384507911494029,0.08287316657817419
0.00018347264853085798,0.05813680896201742
1.1163900397542781e-05,0.05033569520009297
6.228745756400866e-05,0.031802879742642357
0.00017606981515019826,0.029600660421504603
0.00014418928625514749,0.021030975020580253
5.110018086743051e-05,0.018666009851280512
3.013085014580419e-05,0.013165055081725496
6.706020205968222e-05,0.009356900665820685
7.84390383152811e-05,0.008013700043189558
4.980603113757809e-05,0.006099935758991244
2.671472318102608e-05,0.005219800170590237
3.0018879749377225e-05,0.0033242096760273433
3.814182484920825e-05,0.002902982192596469
3.267703306014669e-05,0.0023029705333446693
2.1357681887962388e-05,0.0022259691513619095
0.17966221579919545,0.10425076390770764
0.2178266635059324,0.22823798209254872
0.04778970455724574,0.25552408289141415
0.09661445552170678,0.31063455562066344
0.0247548015859812,0.3246222407510641
0.042693225963760295,0.34876782656398464
0.01254361690845529,0.35583076614108433
0.018841236504878095,0.36659080762935903
0.006290731391791676,0.37014991844891754
0.008267073074529008,0.3747733488828484
0.0030949398024602837,0.37645949203496554
0.003633508773759203,0.37850658265947523
0.001524113331232979,0.3793602869343822
0.0015782523796870063,0.3802238253215977
0.000731425404743552,0.3805969603881282
0.0006933680913558948,0.3809647101368243
0.00035811403299154665,0.3811540811710019
0.00029558041166233284,0.3813058306178092
0.00016675406433611095,0.3813793233260874
0.00013146829768787005,0.38143577547730323
8.280932716500655e-05,0.3814708907031758
5.356854183916071e-05,0.2788373779846865
3.65158814183697e-05,0.15438586505639273
2.5170333395524436e-05,0.12709184549990696
1.9247525643056873e-05,0.07189458378787056
8.982756574071882e-06,0.057754115885352196
7.460894287492081e-06,0.03336225013136773
5.120400437430561e-06,0.026197394983928955
4.6865926046912865e-06,0.015433652176915582
1.1393329896469684e-06,0.01183959957188585
1.2621336063778354e-06,0.007116279034215776
1.2483352112846458e-06,0.00534845533864492
1.290161826428271e-06,0.0032729018461119057
7.6076124649882e-08,0.0024020234146214315
5.6869360970379645e-08,0.0015001974087208395
4.208970937336076e-07,0.0010824805472066578
4.398242178516032e-07,0.0006865215374134902
1.755050639262734e-07,0.0004819852357405642
1.1471024513598493e-07,0.00031314769207359456
1.9365127745807342e-07,0.0002179703131829358
1.9025440364806023e-07,0.00014295428844909467
1.2533113311063993e-07,9.570629071658273e-05
0.0025278496337192147,0.0015095812003623277
0.07375150229434951,0.04363243057918012
0.08959066263357626,0.09481271189356912
0.07144108984377089,0.1356251932182136
0.034165888762496266,0.1551434252215977
0.053414731067213325,0.18566186532041248
0.005949821489581869,0.18905883737135215
0.034830594010628935,0.2089593558959374
0.006583535444656605,0.21272072510260426
0.019338811106939788,0.2237707530873662
0.00942611327857601,0.22915639019786038
0.009367624487820053,0.23450858124128526
0.00865074486588105,0.2394518205497175
0.0031478131156827405,0.24125053840475846
0.00611354471168557,0.24474375201309667
0.0002913021636551938,0.2449099590642037
0.003950246777351563,0.24716714264836814
0.0010451091002560697,0.24776428229980293
0.0020549542212325023,0.2489384311969201
0.0011637548520683216,0.24960332525272844
0.0009967105954842292,0.2501728025466434
0.0010622182688367898,0.24933529890956777
0.00025696808803019056,0.2073384222202424
0.0006820834430621425,0.1565335198256629
4.47231390887648e-06,0.11571259552288464
0.0004599330594366735,0.09645204940685055
0.00016371034041767762,0.06602289470582448
0.000205850795101159,0.0627406257375498
0.00013252628816040612,0.042913158467567776
0.00011375993352208402,0.03921614388977662
0.00013689180961881653,0.028243618577021783
1.06207183399043e-05,0.02286333711402972
6.934273470962649e-05,0.017550033255109475
2.9511841587726018e-06,0.012608436865553893
5.8343548271361234e-05,0.01084302568417596
2.821041854622619e-05,0.00736569180238205
1.5953901239873503e-05,0.007208349938144723
1.1258688855236842e-05,0.0049574996018611085
1.6268500458771484e-05,0.004369590687691224
2.0327080827720057e-05,0.0032069466074599196
3.643665461572354e-06,0.0025440259293989203
4.441046227460221e-06,0.001977014758395052
0.03629104158266,0.0221077709377226
0.3660176957949556,0.2311139010559657
0.2541333216083604,0.3759431800075646
0.3279771323412148,0.5633561285945967
0.09526821295313559,0.6175322885338532
0.25236924052961146,0.7616497343562496
0.013759651634789483,0.7693947634075
0.19144785177660778,0.8787178065437556
0.039644814123069735,0.9013069803663543
0.12776977972247258,0.9742400591736993
0.057008342342698276,1.0068101858161898
0.08321261709007866,1.0543206283049722
0.06439042639964195,1.0911134712852482
0.044392435693998686,1.1164472382256638
0.05687947587924341,1.1489336756317767
0.020878433828682458,1.1608550927331724
0.04876688544831062,1.1887154508814328
0.0027037393169470347,1.1902511484908547
0.03609016912256377,1.2108624868004179
0.005747005518235759,1.2141444078591461
0.026470403837132395,1.2292678151682344
0.01140763318945745,1.2150487246578332
0.016467478868807534,1.0153057435571768
0.011953404788406008,0.8769172196600602
0.010006512589462752,0.6952197226590591
0.011855082524462768,0.6475550766998175
0.004255136630625794,0.5057755887575399
0.009573218180366688,0.5033833410692984
0.0012252723028827461,0.3946847242271697
0.007796676317385315,0.3764857883382073
0.0012219299522267246,0.3041727313266382
0.005338844840884871,0.27464730418274474
0.001993812350956581,0.22823655861753217
0.003732961229273052,0.19357514994875
0.002574010845346364,0.16967890717809148
0.002038485667932438,0.13834119848591378
0.0022930446496718937,0.12772097609790775
0.00110820317687646,0.10048744337137394
0.0021076196029408967,0.10014680353479899
0.00022709550177504867,0.07965361860863401
0.0015538716181273116,0.07725754209428634
0.0001223894347657517,0.06220153386436254
0.015408400247766268,0.06448768646911043
0.015014572369798612,0.06365745418396249
0.07628146157310209,0.10041634377521738
0.011602210443024508,0.1013281711201098
0.05756472119341202,0.12744796464522368
0.038436662506371316,0.14698026514564966
0.02089695276811185,0.1534509706243612
0.032397836999375484,0.1712638647366428
0.0059051345355686236,0.1701829837184618
0.02986145842625812,0.18654842856076545
0.010927290415954527,0.18974182603223383
0.015215858709507424,0.19729728109426292
0.012269218012833538,0.2021751421134403
0.008304258141060228,0.20544956913956247
0.014445324971053497,0.21253919159848883
0.001310742797494574,0.21197787625438755
0.008982927374416472,0.2164777186529818
0.0035087124180187,0.2172783431187405
0.006434913080913235,0.22082566744967663
0.006325952183373507,0.22355257062981737
0.0013642030080368017,0.2242621783859722
0.004587768484063975,0.21807896023528522
0.0001741674561905049,0.20959872885608055
0.004050303786692827,0.16832378154956096
0.002395085717684653,0.16306256742079533
0.001570333757302339,0.13106577460016125
0.0020195663082392123,0.11025600534408575
0.000768448768840857,0.09875400305878806
0.002236417450886291,0.08151890617393709
0.0006876590680635897,0.07853749162107707
0.0011133478878934122,0.06210999988486867
0.0007147943549718483,0.05627428785002142
0.0008001176222652562,0.04803672151445447
0.001105819415952003,0.04165763660195074
5.51631719572232e-05,0.03694386804817759
0.0006376356116673809,0.029053759842814095
0.00014250268242951836,0.028386194062776916
0.0005782874828219875,0.023583542696151497
0.00048727669935888507,0.021857007999774462
0.00011471875787902319,0.018245468386612056
0.00030885897810806195,0.014807129412174658
5.9551168047233816e-05,0.014061614075037763
0.117224301834672,0.07842534741824234
0.07859146305676466,0.12323523061857045
0.14129088896616288,0.20165842214969618
0.05151712306270373,0.22972815777542138
0.1168782566200732,0.2956183994112904
0.027618863270537253,0.31024656910403225
0.0915971486011545,0.36214868329392574
0.015370335253423323,0.3696537791810897
0.0746209175849715,0.41190135547646567
0.004150558145558286,0.4136369041951314
0.057697507259058534,0.446198454426038
0.0006715213143158316,0.4461249708214955
0.04629626697963232,0.47194808371502694
0.0054348383674518025,0.47502218382673833
0.035217120248608416,0.49478188933356176
0.006658232208047454,0.4985051633482005
0.02781651202953414,0.5140698630891789
0.0082334776064385,0.5184962636075101
0.020745489153220803,0.5302852752619912
0.007864215026977123,0.5346026215756305
0.016105864138256237,0.5437719432728929
0.007977365639424694,0.4813451225898943
0.011716528251316305,0.4431308741296382
0.007040194073475559,0.36641619133381687
0.008914226674592657,0.3420716791120392
0.0065797557250613925,0.27904396431488954
0.006271379633258495,0.26684540223644454
0.005565478402088653,0.21768444783697832
0.004649072166835272,0.21155801178749944
0.0049635291163512285,0.1717537898054307
0.0031117690948987975,0.17116019606219673
0.0040782886668683516,0.14052064258094515
0.002220216912987183,0.14140561149447164
0.003523442290990636,0.1169639973866764
0.0013619011788099655,0.11463660470745247
0.0028288705628067845,0.096129033458423
0.0009054032727846273,0.0928417026382728
0.002385679304460042,0.07830979822394475
0.00045053539736156223,0.07386240267590077
0.0018763642693369331,0.06308004559939571
0.0002414728273408273,0.058724192913889264
0.001551029690512823,0.05040714465803588
0.09393427761410952,0.0995253800721415
0.19197704284136294,0.202531388409311
0.05748458322468317,0.2313567536385725
0.14761986712216807,0.31061711960861554
0.008782479384404213,0.3118758188425258
0.10779881193228683,0.3698914944419705
0.052627847171325653,0.39678427659582016
0.053447561817955846,0.4246691278250319
0.055127757581193426,0.4533344012335132
0.020911385302647606,0.4635056104950839
0.051144785313008534,0.49040075143573547
0.006762108637083236,0.49299611813521893
0.03293781963403966,0.5098043337598185
0.015857091839413334,0.5180872998515917
0.01985690142650534,0.5278176032022766
0.020864133132150214,0.5392225916933427
0.005376971733331404,0.5409319016526977
0.01643550922722742,0.5500661724126211
0.0013457795640226533,0.5497629811524416
0.012620762101604677,0.5568368607377352
0.006700644226912439,0.5597794976156777
0.006091126377384487,0.509583411194692
0.006711072084122693,0.40371714219055477
0.0025306330545064037,0.37231488495045373
0.006518520774072473,0.29168554418011344
0.001104588604304707,0.28729817802005664
0.004025553774952173,0.2279991733587225
0.002008014192254215,0.1990735545135388
0.0025765129128768327,0.17000438371063653
0.002810811754077047,0.14010898609514144
0.0005625679534050632,0.12848109046700285
0.0020746729534548147,0.10044102626154358
0.00015808091256588885,0.09666729613324795
0.0016971469886964963,0.07881548319305187
0.0009603705282833219,0.07030307101526329
0.0007347508520669233,0.05937612782986991
0.0008562435085599229,0.047943048044961176
0.000353692795767524,0.045072602937781814
0.0009014581517703957,0.036196002323234944
0.00019442604923947115,0.03553808602907313
0.0005017503857694117,0.028612936477167263
0.00025095890396598097,0.02492740200691214
0.2037073896310983,0.1378509810090343
0.027892341603917514,0.14995456359177423
0.2955187214415537,0.31737632838437274
0.08130880401261414,0.36011363309211075
0.18627144623852243,0.4659232660259496
0.12480038715193609,0.5349374565270832
0.0892291939737665,0.5847781306879474
0.11950743035528721,0.6515957977978961
0.023491090599304945,0.6634130999951691
0.09475115490191109,0.7172351496800297
0.017006484188586496,0.725767613242962
0.06102160569809993,0.7605467702632673
0.03260157059705189,0.7782064408966132
0.032905798925117566,0.79646097140909
0.03528503140196891,0.8162039888661767
0.010651392588532177,0.8218012169118751
0.02832359717783063,0.8377840194159113
0.0017854041056874076,0.8382891313895782
0.019947674335945825,0.8495767018391247
0.00856248280659802,0.8541828346510267
0.010871831323420234,0.8602519046050008
0.009546464461088477,0.7493028045078522
0.004691353144979427,0.7360450968170305
0.008656243031819028,0.5721236805828964
0.00010394104608088539,0.5257209017448772
0.005975277551112657,0.42269451963778587
0.0018121983067488912,0.35241555458339324
0.003777732071402168,0.3035861477820423
0.002744501562214785,0.23686447418600087
0.0015928280074286594,0.22435118127635723
0.0023757797864876196,0.17156525263897238
0.00041630754892091337,0.16208515170202067
0.0019275461970225949,0.12831711770140503
0.00046195653363115263,0.10995162395087887
0.0011256232418122014,0.09179152356041867
0.0006447650790984971,0.07199708566163557
0.0006395998874408892,0.06627606126101199
0.0007371785148821697,0.05051239345361286
0.00014490656369439692,0.04957496628675971
0.0005247944032904794,0.038476177753813796
3.6189754097609717e-05,0.03360401029524213
0.000397855155364224,0.027618881056352986
0.3868549156442266,0.24322371030386047
0.21285752707221142,0.36217580969085017
0.43030104909936406,0.6031156988723045
0.18895570330247816,0.711030991590246
0.36722980198520794,0.917462148409729
0.17154088827092484,1.0144499712464008
0.3165203484396607,1.1931600377425484
0.15070869188949412,1.277711003643851
0.2680003813378636,1.4299438912612423
0.13559246016481705,1.5060677086202876
0.2296286724689109,1.637046202860282
0.11809354042409692,1.7034267709900388
0.19311543109692045,1.8135144707404898
0.10542194930212681,1.8731123713463838
0.16464618349805044,1.966827467585785
0.091170466422413,2.0185593913200552
0.13768862887431763,2.096817362954018
0.0808507681328154,2.142934998136373
0.1169164334630605,2.2094445061705272
0.0695316620351897,2.2491562046168654
0.09732629403274559,2.304543883975369
0.06132132000955152,2.1185246864698404
0.08237541648898523,2.0439634804222826
0.052508079349841585,1.8280817834225553
0.06831857786630102,1.7591462831733118
0.04609584335062319,1.575641163953549
0.0576737933406149,1.5105742525648003
0.03933914015234975,1.3521849906863368
0.04768733175380904,1.2933156420373737
0.034403576572552885,1.1598317536000535
0.04017288725661848,1.105306283366797
0.029285195068385686,0.9908242962807827
0.033133061032726785,0.9422754509142856
0.025529350526799333,0.8465119763027878
0.027864001640155886,0.8021931490673757
0.021687808686101984,0.7205026491748338
0.02293146906737173,0.6815089364005243
0.018855290344838627,0.6136041715265366
0.019256661050481266,0.5784075389080598
0.01599281634089468,0.5207369005525365
0.015817309662996576,0.49004298491128323
0.013871880730454117,0.4423547487385453
0.010012668033802241,0.413035519038117
0.22604806808445027,0.49513417709266855
0.1545760148401244,0.5534587116585444
0.1874162891523445,0.6215145466791407
0.13154779545166842,0.6703442335940236
0.151967026578625,0.7242260811586011
0.115647403537574,0.767830803093015
0.12640433930598044,0.8128119502656843
0.09889382222873497,0.8496635192120741
0.10279481477436461,0.8854474777936433
0.08690623030632891,0.9183737836438964
0.0855975538860417,0.9483534938457905
0.0744910872264413,0.9763316291027289
0.06965898150482328,1.0002144747396815
0.06537688701765915,1.0251796623577145
0.05798890281286426,1.0452124816408528
0.056090492498967054,1.0664897400146405
0.0471523586959782,1.0824301386692103
0.04914167185850199,1.1013723418221288
0.03920291318837875,1.1147355438366326
0.04216630145930185,1.130903784253117
0.0318131316687329,1.1433611920445064
0.03686993359617821,1.035259400908351
0.026395085023087808,0.9620131552986155
0.03162412881885275,0.8729890636794776
0.02135472121258969,0.8100215926857182
0.027595229748586914,0.738951994497125
0.017668500126990394,0.6829640496910773
0.023652391385783733,0.6242486508795363
0.014236887304909629,0.5758732594944932
0.020596511444977678,0.5289028004491292
0.011737920082421735,0.4859494803211823
0.017637838339290376,0.4471153571516101
0.009409612247781557,0.40992594287809014
0.015327793043195023,0.3788795494714455
0.007724250692327045,0.34593518585697003
0.013112635528460023,0.3202916045515961
0.0061521610999607235,0.29175541518073544
0.011372655824533118,0.2713098706827668
0.005023107490082848,0.24609926247224156
0.0097184978171352,0.22925102511724524
0.0039681900355452715,0.20742353287509865
0.25561073293823294,0.33530787645767013
0.4744613247230113,0.5853600999587175
0.05600802727744551,0.602281781246922
0.42165945228286494,0.8251591089406434
0.05272559939401117,0.8430853250443127
0.3952444289636108,1.053170581738612
0.03752980209410804,1.0645198971483933
0.36276815439301824,1.2583003331525275
0.0344920175818782,1.2698746933107956
0.3437435075032958,1.4545301196298341
0.02461589147985849,1.4618889604283696
0.32084832815904063,1.635152097468227
0.02176184794381797,1.642210517865962
0.30576107063327124,1.8081723907745768
0.014744280768447481,1.81218383653236
0.2882045710645672,1.969379228267278
0.012101995698977741,1.9727791337524307
0.2755302752639005,2.1237263448606405
0.006841670496238096,2.124765523721301
0.26128732159115425,2.2685191373064546
0.004437466798116185,2.2687872954564954
0.2502509698767198,2.2657245737070593
0.000360889420936511,1.9948100392487307
0.23823480981134385,2.0989396292681013
0.001790828140415146,1.859014701186701
0.2284034863428773,1.959402065157482
0.005015212413933198,1.7364139414148092
0.21798255545434062,1.8395298004777993
0.00691082544889729,1.6361827553668724
0.2090966600787402,1.735956836793651
0.009490477333489435,1.5449551052680477
0.19988158305480996,1.6451069290251628
0.011134585096586713,1.468127647275189
0.19177574659155827,1.565278446502469
0.01320790137677881,1.3981052069273308
0.18351468799400517,1.494545439627649
0.014610952959848433,1.3382062292820958
0.176077397003555,1.4319064585989971
0.016275386834152084,1.2837608080677125
0.16860042604173167,1.3761943826651373
0.01745174764288898,1.236859768980414
0.1617521265927952,1.3267538602916593
0.011876727059616565,1.1905400072533145
0.06640559035431534,1.2282798363581022
0.16320724540434556,1.1854069424112461
0.05386245812845755,1.2151621595472704
0.14311719587763766,1.1664271364242764
0.04230986721266741,1.1877383677378388
0.12626595077444536,1.135328879349327
0.0336952518094151,1.1506342658410516
0.11037161221469659,1.0942199527758838
0.025795204436730876,1.1035369396920218
0.09704307239334806,1.0447720764569008
0.020006140814508994,1.049841536867142
0.08459561254624158,0.9885957459841038
0.014716311642830326,0.989457694707562
0.07415595387948033,0.9269669894992619
0.010923162368634498,0.924859680589997
0.0644884769717663,0.8610945834289749
0.007467376331276893,0.856061434570189
0.05637738133024811,0.7919339804493413
0.005059831714065238,0.7848528856328707
0.048920760268063426,0.7203778191615954
0.0028716195987174287,0.7152320434696531
0.042661744480820926,0.7016641315419418
0.0014088628751248167,0.6092079129538156
0.03694424330718238,0.5995403616273727
8.167669177526482e-05,0.5178057792354513
0.03214288790221696,0.5119960767723369
0.0007496394688743246,0.44027247031201044
0.02778152908760302,0.4368932001852608
0.0015032703930766556,0.3746827191443351
0.02411764585094274,0.37372411423817037
0.0019225798608682176,0.31936954707675336
0.020806230905142747,0.3198267414142585
0.0023030724142866776,0.27280243276742705
0.01802365961261118,0.27469234589301605
0.0024617472652487815,0.23372422782774085
0.015520211776566067,0.23635111320370183
0.0026068187667390302,0.20099016565797195
0.013416320100530302,0.20438956209754533
0.0026075931641791616,0.17366396885979166
0.011531358364198496,0.17736198408843917
0.0026103853181726477,0.15089891268850159
0.13467746521757998,0.22621653875642306
0.0685146893878143,0.24098965013184784
0.2721448660317406,0.39569593764991406
0.06164703174990447,0.40981181676004086
0.23280396934256675,0.5427959839890646
0.04469331819207448,0.5499676584404118
0.21056908893349874,0.6698644867059115
0.03938104518832418,0.6764927816206091
0.18440408347693044,0.7810075319542399
0.02846883782597942,0.7834939273685466
0.16786171528629118,0.8783162904687882
0.024452112056178414,0.8803996511265231
0.14892321273076445,0.9641825884502246
0.017093109812185592,0.9636508457071242
0.13595504158808724,1.0399327281773179
0.014097879827508632,1.0391199670635707
0.12155548790342108,1.1070906351416747
0.009029864790962738,1.1045840892504932
0.11109133284979426,1.1665747976422733
0.006835710088165539,1.163891570055969
0.0998045999081581,1.2194311212502462
0.0033279732238030435,1.1443742686823737
0.09122163928580647,1.1573496686240832
0.0017610287220819199,1.0028446187328497
0.08220142050151612,1.0145899837337706
0.000648912454841194,0.8819299512264989
0.07509649472789384,0.8993031949612529
0.0017270187547544502,0.7799648691448274
0.06779668543652032,0.7962023778580825
0.003350358995259234,0.692743106725699
0.06188646890646585,0.7118388959145485
0.004050656030168895,0.6182325763396214
0.05593101739509242,0.6362205222475722
0.005105691653548017,0.55403908163202
0.051003603846957374,0.5734165067947468
0.005517530398163134,0.49888078611479003
0.046120074092961316,0.517179182837906
0.0061616644732929715,0.45123985516354703
0.04200963898530259,0.4700854404174555
0.006356811842047769,0.41023714269874323
0.03799276492878759,0.4280411740362415
0.006705516727412902,0.37484169793295863
0.13753089610368127,0.4515290824357461
0.08785067989679136,0.44960281992773743
0.06983385655260244,0.48850157868803495
0.0846365886724609,0.4898931033571463
0.0664917921933441,0.5275176060648622
0.09003602617831741,0.5360544811793899
0.07168429081833731,0.5760300652157231
0.08632157339697138,0.586615715478838
0.06807582819790371,0.6236016978803489
0.09037385563794484,0.6398802045840513
0.07206725879621804,0.6787468347360793
0.08633324968474682,0.6961195389015962
0.06837313552063096,0.7322723639685007
0.08891667957613697,0.7539369786708892
0.07107931939721099,0.7914008580989164
0.08474480853185974,0.813472134921144
0.06746369266767158,0.8485018653179317
0.08594364320990378,0.8736070105891325
0.06897309525775173,0.9093877439695348
0.08181510206852469,0.9344290794779557
0.06555348848573864,0.9680564919112851
0.08185893450658838,0.9362439424272317
0.06606724320075176,0.9237962643152091
0.07790241514248532,0.9284068692237138
0.06290725346977001,0.9159901062507476
0.077080235973346,0.9220406455536059
0.06266701663241729,0.9064012115273772
0.07337319704876649,0.9073663008019082
0.059786255427338494,0.8922032619621177
0.07196377667112949,0.894424946803961
0.059020495235905426,0.8765087408599386
0.06854102719315938,0.8744937513724765
0.05641054804326067,0.8573950647201987
0.06677556600844692,0.8564821678560934
0.055307674613423494,0.8372770221631143
0.06364267228263379,0.8330275095262132
0.05294613845048178,0.814856840908283
0.061694666689938574,0.8115602546352927
0.05164828678868852,0.7919629081088838
0.0588401477709152,0.7861726524021201
0.04950814367798731,0.7677115333218132
0.05683065105931283,0.762727054792427
0.08322211440100628,0.7635060147320946
0.2809006164823582,0.886267942321584
0.10536134154280508,0.901958757407481
0.22470693515918055,0.9944157183728584
0.07633464384486016,0.9939896657280093
0.17806036539647413,1.059928722164613
0.05599582710097393,1.04999879648016
0.14196749715003523,1.096959506035987
0.039732378118327305,1.0785415640058142
0.11199666625361626,1.1088136617302204
0.028730070733943743,1.0860645437535257
0.08905846771769729,1.104720497853204
0.019800666514321913,1.0778776981422753
0.06997052841309183,1.0862564717420857
0.014041556354150816,1.0579129769258095
0.055524643980236044,1.0593864086570979
0.009248746217782128,1.029417311244437
0.043455874196215494,1.0247359326201666
0.006364023202663924,0.994749575724023
0.03443043240159678,0.9861337407089424
0.0038600008902453242,0.9558647977551898
0.026845507395105106,0.9236495937518177
0.0025074183231846014,0.7645677662322898
0.02124677917553064,0.7165023020224189
0.0012434991297261139,0.5888089100055878
0.016503658607318117,0.5546197755841352
0.0006789877607314282,0.4532589883637108
0.013053453845433105,0.42872048936054474
7.07649094565943e-05,0.3476366423659283
0.010099770341935488,0.3307037236365615
0.00010815065923730494,0.26676742901120215
0.007986924237359042,0.25491420244172514
0.000380069341547537,0.20424083194106818
0.006153951324167364,0.1964427089752656
0.00038470512222114894,0.15667938138048237
0.004868085173647493,0.15143739784876617
0.0004910444266734981,0.11998962667530184
0.003733838817008492,0.11683825101771693
0.00042805302212133023,0.09225092463252027
0.002956206947822018,0.09030360105832488
0.0004576397550898892,0.07089057668889237
0.002255941678602172,0.06997397142509627
0.018310750004602652,0.06509696720195202
0.119233647076502,0.13179766934670484
0.13394376029647484,0.1961959442729586
0.09192250064948898,0.24801251656996604
0.10532607060030114,0.2987681805659563
0.07602545039281336,0.3418233020700031
0.0787546273613812,0.37936682979340197
0.05892753271185247,0.41299926853762825
0.062484210451585975,0.4429332343145713
0.04897258059589278,0.4708557657069459
0.046791254156670084,0.49302966851798086
0.03802874627774286,0.5145431981958066
0.03739324561793403,0.5323942235065305
0.03172690092170624,0.5503040496776649
0.02795249020787266,0.5634951382686506
0.024627040895674218,0.5772871362509367
0.02248718725185836,0.5880033353565652
0.02061784294445422,0.5995403581693268
0.016736724230547298,0.6074149394737414
0.015972337030542988,0.6162804807740003
0.013556314640025435,0.6227378367519565
0.013418461881212124,0.6199422435385904
0.010022192958474813,0.5575356983282891
0.010361894228308993,0.48691748914648014
0.008179133248935905,0.4390641363461641
0.008737134585531506,0.38387045862343855
0.0059920643247279165,0.34385138087024686
0.0067184528356936946,0.30268785256985403
0.004933304041498027,0.2718340076153658
0.005688082763657953,0.23937907750797832
0.0035719999266933256,0.21343588855415008
0.004351315670994005,0.18918449513376379
0.0029721649925624483,0.16915216297080354
0.003701016600616877,0.14989946067519372
0.002120389099953615,0.1329814539199065
0.0028140352194190033,0.11861662249793299
0.001787472653458605,0.10556544064523832
0.002406196896122398,0.09409058901338924
0.0012517801420414698,0.08302426741201051
0.0018166883207963724,0.07449853260643856
0.001072564749373478,0.06598437701719884
0.0015629325652588982,0.05913101583161795
0.14829273884148753,0.1362020312374896
0.002714592005717942,0.1320262592644857
0.19194867152198616,0.23579013200372978
0.006481365188380189,0.2348199788262694
0.1444642022460856,0.31237830320372884
0.0007081612013766225,0.3093589299903852
0.11919807019269894,0.3736329970515311
0.005450265154671188,0.37392840340191574
0.09143073289447987,0.42292420347667115
0.0016330497051477155,0.4218162319215022
0.0762688254627733,0.4629119518025189
0.004350692691814886,0.46369968191637745
0.05908500165332485,0.49534767337506785
0.0017212207532502632,0.49511957717695154
0.049660695439191535,0.5218890973025359
0.0033802437972903776,0.5227992522418683
0.038671164133358346,0.5435220906631459
0.0015246569465529047,0.543678020265724
0.032693585054985166,0.5613219612566891
0.0025812759849593025,0.5621840819627382
0.025518150196660885,0.5758727777521105
0.0012528429691789078,0.4918499801107914
0.02168082904903744,0.5026878298498312
0.00194677364577793,0.39411531677771217
0.01693031252005267,0.4000861438243821
0.0009875878004678706,0.31809950699831496
0.014449374483129551,0.3259516288736022
0.0014541317881573007,0.2586693783567213
0.011273678704798965,0.26199704324250855
0.000758129676794006,0.21018412711811668
0.009663416531526442,0.21477290816176162
0.0010776674601493952,0.17180653216026226
0.0075255486154632845,0.1736207355452042
0.0005712731818094119,0.14018431927576686
0.006478652040642463,0.14290285143999093
0.0007934357408624221,0.11497870304094575
0.00503188050204427,0.11592249544366223
0.00042452226046604813,0.09406727151629524
0.004351234936206649,0.09568245893895452
0.0005808977945886973,0.07733235193301366
0.0033681776331853097,0.07778201001771426
0.00031203323432121843,0.06337851461066299
0.08805075675844079,0.11297732249024121
0.08369045496110578,0.14841139443999457
0.21834112388330246,0.27206530886143715
0.062239492389004565,0.29795626878655257
0.17578005206856684,0.3978376769397519
0.03904590936836591,0.4118928397313155
0.14821390343202656,0.49575556638495516
0.027851069845654344,0.5052283613225867
0.12019352132279174,0.5734771565488712
0.015048723143879422,0.576554474613073
0.10149229569144762,0.6339342621738147
0.009451650807809936,0.6350348919980128
0.08247942100852278,0.6818395478989918
0.0024693963297292842,0.6795485446356129
0.06959005195283631,0.7188608967567409
2.1901903279858415e-05,0.7159980518431611
0.0565075963850334,0.7480455227714855
0.0036743572884246345,0.7476587355441815
0.047577918525430515,0.7745141759618054
0.004467774674676461,0.7751425171283716
0.038528537689997325,0.7969805196744724
0.00621800070972961,0.7502189447894945
0.032346933825920146,0.7208797898551027
0.006126127548293947,0.5996140776636693
0.02608606388008082,0.5789549756585699
0.006811900885625832,0.48240174641117517
0.021825722042450243,0.47256163936779466
0.0063030601265771785,0.391469728907538
0.017506939155669338,0.38555879708468943
0.006418543052174985,0.3205445237871941
0.01459092013071131,0.3202829220653838
0.005756888590395484,0.26557697515049683
0.011626933148610616,0.2668199936309544
0.005590818219681354,0.22288364918018777
0.009648539057901334,0.2269860164534289
0.004918644273801884,0.19003092635112362
0.007627822162020334,0.1943771664989753
0.0046357322328075545,0.1647361012691319
0.006299576543544086,0.16623622655777165
0.0040232372344498335,0.1413478372486398
0.004932786840559575,0.14161355848628732
0.0037134983917586073,0.12171925031586517
0.0328033501801807,0.1369108785846944
0.08719874839211415,0.16825477262251953
0.04273320213373022,0.18917310095705453
0.08187689741741333,0.22105357726410169
0.04028441244690839,0.24018072672769175
0.06237196793883654,0.26335001009705533
0.025472322415992815,0.27430387426243574
0.058197902642001226,0.2975558533974825
0.02377327401904293,0.307472842521407
0.0460034909669302,0.3254228829992464
0.014945875637451506,0.3306737327404213
0.04266231346810423,0.3484082357801319
0.013888115069982943,0.3531495482660185
0.034398761413233,0.36729253246906524
0.008361019649728324,0.36925960411245184
0.03171639067653764,0.3830245004064616
0.007766234159085936,0.3848133586500493
0.025866848584963922,0.39599465695943215
0.004226774099343994,0.39611096373937155
0.023720249139399824,0.40684665648156604
0.003947757235694668,0.4069805186781009
0.019475437413948596,0.39936456852596836
0.0016652937168855353,0.35048830871155184
0.017767541242499796,0.3362222167737059
0.001592745787579758,0.2903455586995153
0.014643201232894615,0.27569343800579316
0.0001267521866791521,0.24012474329027464
0.013293869099198094,0.23316562710924904
0.00018255802766248275,0.20001400161534122
0.010976339562434725,0.19270146764013651
0.000746239330988413,0.1668401809910269
0.009918391594359019,0.16396733296640267
0.0006165298433329497,0.13994117089510477
0.008193027272605402,0.13668683501088902
0.0011907371641645959,0.11771082115427854
0.0073700846293241334,0.11714457257119042
0.001024129659941142,0.09960613770456384
0.00608435986383761,0.09864506667870768
0.0013652958568332457,0.08464417940549016
0.005449369416570551,0.08534280530104817
0.0011861575564342391,0.07246618153935357
0.004492132531167037,0.07277725313676633
0.04026547240802349,0.08465727313338056
0.062492753458415484,0.11941582155711197
0.051312539224231415,0.1385843918323872
0.06294218192250373,0.17364121248091516
0.05033595226836919,0.19403707021547206
0.05772159895220022,0.2269484112243412
0.04415688307112962,0.24458441920830212
0.05748965378880886,0.27733133107181435
0.042930206182841074,0.2955906834263322
0.05263906269756391,0.32524372535008966
0.03752144210830319,0.3410168970723435
0.05187563009489894,0.37030781150180975
0.036153138154817174,0.38628501772021645
0.04747437426491258,0.4127328103492152
0.03152676117384881,0.42653662551751503
0.046338011194831275,0.45243027210888087
0.030114077695356206,0.4661615394411772
0.04241717498491915,0.48961975608579783
0.026228798984092444,0.5014937158386675
0.04105234004296354,0.5242743915452557
0.024848053257466363,0.5359063462459981
0.03760659001918494,0.5343869848809475
0.021630686028757132,0.511037232064
0.036131525552243665,0.5023623671085783
0.02033478187656937,0.47801528136804444
0.03313215575874692,0.4681845405054031
0.017698336644260237,0.445314104900866
0.03163570325908088,0.4381591450082666
0.016519005095811806,0.4147473457551255
0.029041642614316243,0.4068110237159684
0.014375248176336494,0.38494598684669556
0.027585602566251213,0.3792683642512374
0.01332743221941346,0.35724082260810275
0.0253512770597355,0.35106833055377035
0.011594229794235258,0.3305653908562405
0.023975255774612278,0.3262502449138197
0.010680816630661921,0.3058747051628657
0.02205550534682757,0.30126980667799225
0.00928559417701219,0.28233747478775967
0.020782238974264178,0.2792251547821435
0.008501557826792822,0.2606247078014745
0.01913500006613704,0.2573601059778578
0.18647273551524168,0.3424264748327474
0.13056509277818512,0.404674707260992
0.33084512056135224,0.5730824758376254
0.1658978693548892,0.6562613829680939
0.32243740276407395,0.8215786669711378
0.1950959888907098,0.922948753969109
0.30520319193060275,1.0792730332099785
0.22774129148591715,1.1999714825757533
0.2891476424341305,1.34860348247279
0.25380404531233713,1.485419937979076
0.26522729251491234,1.6212151893783107
0.2818767918842666,1.7746719663296553
0.24248840456270349,1.89875032490278
0.3031384078887685,2.065346998099656
0.21313436849176853,2.173437919652317
0.32514300890420766,2.3531306009514856
0.1851442852811392,2.446324189485378
0.34035273900536284,2.635505415101579
0.15195017184361514,2.71045851959835
0.35529232334967664,2.908624671325713
0.12042628581356299,2.966505406038528
0.363689384770452,3.0677720627557905
0.08514661284507852,3.0418186456511584
0.3710936985873843,3.064817833094606
0.051906473733190905,2.999679892739349
0.3724099401951061,3.028235628414225
0.016293269892741317,2.9260626461296715
0.3722983071106132,2.9644027119468195
0.016902203904929802,2.8439232333291127
0.3667082324159191,2.8882435704615643
0.05122588485024274,2.7724846216260817
0.35951278226465516,2.8263620443402195
0.08278674149076587,2.7125963012582193
0.347554495633704,2.772634067584506
0.11441138083801757,2.664790052126933
0.3340271270260017,2.73387162843221
0.14299023632983965,2.6297843298182846
0.31651375549279503,2.7048525985106595
0.17076731325458744,2.6079466409387875
0.29763326235356197,2.691194121230186
0.19529561053402342,2.5997674281926697
0.2755674399619284,2.6884195162774507
0.2697654889055421,2.634748718640359
0.0035526425687059937,2.588123592768146
0.002545968350419342,2.3775248897755947
0.0011500312009624925,2.3485212083286067
0.0012043009165317031,2.1364037001694216
0.0010860093982453245,2.12771383702971
0.0010020999495048977,1.9155445757947909
0.0009280041743010836,1.906416461663003
0.0008604409683411196,1.6973605808358154
0.0007987898294865847,1.6685450979668117
0.0007424257041901972,1.4635334656465462
0.0006907863601433029,1.4166214912861907
0.0006433831540207102,1.2183865698692287
0.0005997896274256009,1.1533513748917474
0.000559631953448686,0.9627985205645742
0.0005225812074658165,0.881388431923218
0.0004883469495007009,0.7008024841841926
0.00045667186206688193,0.6034821176741808
0.00042732724931035526,0.4336501547574656
0.0004001092419403385,0.32228129687627527
0.00037483558339276857,0.1650283800885406
0.0003513428969842969,0.011077439512221827
0.0003294843529410285,0.009235634817498988
0.000309127669331305,0.00795744014259154
0.0002901533929796085,0.00746608139517275
0.0002724534160901959,0.006933597109206173
0.0002559296920635612,0.006459265848530881
0.00024049312026433456,0.0060240619461077016
0.00022606257458931966,0.005622952460558122
0.0002125640548391594,0.005252737081414145
0.00019992994330331193,0.0049105314321665604
0.0001880983517606183,0.004593772945063943
0.00017701254641594444,0.00430018790864831
0.0001666204402032967,0.004027752072181217
0.00015687414348214412,0.0037746575099278134
0.00014772956548353422,0.003539284716804869
0.0001391460599747818,0.0033201789182385638
0.00013108610954920552,0.0031160298668377086
0.00012351504373547817,0.002925654542076907
0.00011640078678692989,0.0027479822777778068
0.00010971363157838421,0.002582041928999547
0.00010342603651664062,0.0024269507593560457
0.06037348110889364,0.03672531545187567
0.11192880784171617,0.10049635744546147
0.02468528598291464,0.11442559076750909
0.002808992139480132,0.11586492719408081
0.0009637514671297087,0.11625995465181767
0.0010138175615473088,0.11669303343437981
0.0009564591851639048,0.11710215690003671
0.0008867925631367846,0.1174797168934924
0.0008235535361064139,0.11782885373993085
0.0007658351205948599,0.11815222812695458
0.0007129054776001953,0.11845211791314864
0.000664273477086752,0.1187305527306748
0.0006195131038891633,0.1189893485384953
0.0005782490811327701,0.11923013421715278
0.0005401505677466445,0.11945437478987457
0.0005049249550300727,0.11966339130133474
0.0004723125978118303,0.11985837786605624
0.00044208238804335775,0.1200404163485179
0.0004140280153081266,0.12021048905053
0.000387964793572948,0.12036948971452688
0.0003637269576136637,0.12051823309801091
0.0003411653507643386,0.08621405266479418
0.00032014544010458557,0.02243767414958754
0.00030054560674888653,0.008503536791778541
0.00028225566817333125,0.007059687379603227
0.00026517559698682747,0.006660501168093009
0.00024921440660669036,0.006223585079555513
0.00023428917923065673,0.005810916504736514
0.00022032421551831938,0.0054300774489545334
0.00020725028870760553,0.005077904164726643
0.00019500398861088675,0.004751714946450087
0.0001835271431918084,0.004449213041073866
0.00017276630729495812,0.00416835180119284
0.00016267230965813506,0.003907299918775111
0.00015319985064271568,0.003664414644209365
0.00014430714420951563,0.003438218402188149
0.0001359555985880334,0.003227378769935555
0.00012810953086439536,0.0030306913031084492
0.00012073591136946282,0.0028470647450090803
0.00011380413430794878,0.0026755082415804076
0.00010728581154303973,0.0025151202518490312
0.00010115458685749923,0.002365078897131223
0.14849381976086293,0.0870237385600447
0.13402445337528496,0.16342620023729063
0.008992489994077396,0.16839302560147834
0.00035074719460662096,0.16843216361658309
0.0019623326365704186,0.1694019676392023
0.001733510157865048,0.17025013663992133
0.0015418089099768773,0.17099729077177633
0.0014076306125319349,0.1716757515700698
0.0012889115240785898,0.17229384370456752
0.0011820508405235575,0.17285787047708906
0.0010859825818718138,0.1733735592991919
0.000999377343199298,0.17384590846256584
0.0009210678148160734,0.17427927732265608
0.0008500678035032461,0.17467748758143348
0.000785535583996827,0.1750439038327406
0.0007267480866850473,0.17538149954022458
0.0006730811142887094,0.1756929118736099
0.00062399332336327,0.17598048753760634
0.0005790131711992941,0.17624632127297282
0.000537728225087436,0.17649228836642677
0.0004997763549333678,0.17672007223389874
0.0004648384367580971,0.0921320829058388
0.0004326322760272727,0.015793899420548683
0.00040290752164159893,0.010885566579156798
0.0003754413889589525,0.010899677547358131
0.00035003504700625854,0.009978364639035755
0.00032651055370422344,0.00917436486522957
0.00030470824539918784,0.008467450199756603
0.0002844845047271227,0.00782565242386814
0.00026570984489598937,0.007240965750049511
0.0002482672596980373,0.006707375132434927
0.00023205079755767022,0.0062194141128268455
0.0002169643251741793,0.005772320959669635
0.00020292045219122423,0.005361951038169721
0.00018983959310231446,0.004984677775083475
0.00017764914650206243,0.004637314096515037
0.00016628277499966537,0.0043170482041233905
0.00015567977174391068,0.004021390294097791
0.00014578450169408508,0.003748128110286828
0.00013654590757833374,0.0034952896739319944
0.0001279170719904188,0.00326111187216227
0.00011985482833520855,0.003044013856963322
0.225312749856042,0.1315285346679827
0.2627401498971257,0.28141854473718175
0.01419552775269263,0.28930004201206805
0.21156600819166688,0.40998036589932974
0.14176012260112425,0.4907861302159686
0.09063771942502341,0.5423925352852939
0.17088046035029844,0.6398643936309507
0.04718411591343746,0.6666641830073565
0.11892572471695935,0.7344699057913926
0.11454721592085652,0.7997835907406261
0.01756275477563579,0.8096868501566707
0.11426218174105662,0.8748555458228893
0.05851040732801496,0.9081741097519315
0.05370348326851804,0.9387533347093119
0.09034315154110423,0.990276478934799
0.01245575383824607,0.9972990338280825
0.06605442723481816,1.034955460949839
0.05863177932471217,1.0683760294201354
0.019158660065546257,1.0792458089389743
0.06137377064336272,1.114243439551187
0.02763778723508567,1.1299679723550442
0.03591717899840324,1.021741931864965
0.04677277307119043,0.8983320022501446
0.002673185726438043,0.8917478068065708
0.040107339328774236,0.7937714245992036
0.028501998649180835,0.7290524966266644
0.013889143588295794,0.6851961675771059
0.03540989154335043,0.6077844139731354
0.011230495089978906,0.587239487788302
0.021995863134496585,0.5318509954554661
0.025795479274963284,0.4811357173720986
0.002197182689832794,0.4723553904659254
0.023123733603743674,0.4202762772446037
0.01473730821327035,0.3952630777504639
0.010625237443698046,0.3706469372791382
0.01949622106344788,0.3301629770061918
0.004769756303834666,0.3257709784150995
0.01421017897898233,0.296145693697479
0.013433428510230855,0.2703180646606326
0.0026430336749370675,0.26088056386599884
0.01394304748547226,0.23377729349006138
0.006902887306813377,0.22192877924533433
0.0857014021657275,0.2503769067695196
0.21514551838526863,0.34658990409185003
0.3294126876417215,0.5332981909005834
0.12481061392423143,0.5817000620979876
0.16346972410451582,0.6588244766438932
0.24459079347798704,0.790653990866574
0.09105044192408224,0.822448591084135
0.12381500934176723,0.886782599228014
0.18077893492764416,0.9775157831098127
0.066256740567696,1.0006365038485168
0.09347964447185154,1.052797910581099
0.1329392082166652,1.1155496103599114
0.04810915569526211,1.1346192374924784
0.07035242621903612,1.1687490596498142
0.09721814275525223,1.2131615863308456
0.03487235403800653,1.2303630707503723
0.052784826731754025,1.2524057266090987
0.07066871257720225,1.2851116032187966
0.02525093590138945,1.2980304044910551
0.039491151604417005,1.312629321130452
0.05103825733606407,1.3378495325757382
0.01828037657475623,1.2993232322380406
0.029470542423407464,1.1932232459741199
0.03660671742889533,1.0259055487096478
0.013244926938839233,0.9621537275751378
0.02194593281193291,0.8812829896936618
0.02606314734043562,0.7564100490436325
0.009615674782130518,0.7098758963910887
0.01631611610668386,0.6484479573996125
0.018411243148448497,0.5556664192400721
0.0070037067486492105,0.5218075427720453
0.01211795049247573,0.47531514621240206
0.012896804879916401,0.4067194871628314
0.005124629173435619,0.3821569005789305
0.008996435249135432,0.34709633431041576
0.008951784907905491,0.2966584155405033
0.003771688188547062,0.27888660648366936
0.006680951604363716,0.2525415349823035
0.006150932668173376,0.2156742321771441
0.0027954452751737524,0.202842523247878
0.0049663863723291846,0.1831140859723992
0.004178088877172581,0.15633684685303265
0.2081943223521346,0.2648591015829632
0.17570991811320072,0.3484244591199879
0.11437547397718972,0.3928637485761561
0.10319337131204463,0.4442628596465592
0.0688913061418592,0.47108878726366
0.060978589368149885,0.4910404684223539
0.04111116136524943,0.5090378893269933
0.036296073832941596,0.5204550080277119
0.024259776705444026,0.523797027203138
0.021816149947875736,0.5322612804598388
0.014092126139087308,0.5333893808293311
0.013299898956359982,0.5336197203015846
0.007983778448443418,0.5352535198873034
0.00828110173788911,0.5348447578808768
0.004327936944744551,0.532202559044785
0.00531815880476183,0.5330862565397648
0.0021479889432383242,0.5304959921619787
0.0035653857975318504,0.5290185368073265
0.0008536447130818442,0.5279089364861311
0.0025253736860144788,0.5265140720939513
8.965918170279752e-05,0.5241778265536827
0.001905022996559147,0.4062982269219254
0.0003570344159862515,0.30609657909494575
0.001531427090021853,0.24161426658799273
0.000613890242256207,0.18299742026239935
0.0013025336289319844,0.14437526454072663
0.0007570001807681442,0.10996292786222278
0.0011581208217977257,0.0871326189802504
0.0008317360508799387,0.06686728310478657
0.0010626875339381642,0.05361180357821179
0.0008651439737216715,0.04163980016440948
0.0009953513916013124,0.03415592888013176
0.0008733633248560468,0.02705505137641523
0.0009438780956529808,0.023032251174820693
0.0008660555637757944,0.018795081932470228
0.0009011497545759334,0.016836917823802446
0.0008490415332856605,0.014283136525816063
0.0008630746101918885,0.013548899764075244
0.0008258681145226904,0.011983461088070009
0.0008273491025148905,0.01196843502488889
0.0007987364924736118,0.010981785200008396
0.000792724132110012,0.01138353660024109
0.028061193737228193,0.026329919880623404
0.06231531677048768,0.06173465265462422
0.006374709916948745,0.06450224284143959
0.001062039789948649,0.06475832829726383
0.0003677672331550419,0.06422417607110559
0.00034771909241368415,0.06399030116347447
0.0003126298094719149,0.06350716344214544
0.00030116212332853554,0.06320397834068749
0.0002915045986383591,0.06276330237765904
0.00028180560908150354,0.06242996616929322
0.0002723248146068724,0.0620168081252964
0.00026310513518132406,0.06166808915976798
0.0002541419738252282,0.06127395423300926
0.0002454314250448508,0.06091931186802016
0.0002369701433918292,0.06053978066162924
0.0002287545596786622,0.060185330962425246
0.00022078086601837188,0.05981830596575466
0.00021304505294317266,0.05946812135913779
0.00020554293531799273,0.05911280354931099
0.00019827017550236303,0.05876967993961314
0.00019122230528442752,0.05842596460999852
0.00018439474654344257,0.04249636518675008
0.000177782830631662,0.006989202935403789
0.00017138181649975492,0.00344444402086151
0.00016518690759750876,0.0029319566595180013
0.00015919326758354058,0.0028127715363342864
0.00015339603488273568,0.002701729789173744
0.00014779033613315784,0.0026075358044087404
0.00014237129856367603,0.002516798190257392
0.0001371340613498251,0.0024285864546639436
0.00013207378599125463,0.0023430254128980876
0.00012718566575983803,0.002260088756414068
0.0001224649342634332,0.0021797229273181297
0.0001179068731733679,0.00210187429837421
0.00011350681916130756,0.0020264888092978994
0.00010926017009207922,0.0019535116816980424
0.00010516239051602816,0.0018828875850336801
0.00010120901650681469,0.0018145608138842187
9.739565988439725e-05,0.0017484754464220612
9.371801186686124e-05,0.0016845754901642718
9.017184618953511e-05,0.0016228050162712276
8.675302172980737e-05,0.0015631082828114445
0.17624844082942137,0.10217113461588456
0.18315578651775158,0.20672999386566737
0.05987917562164882,0.2408487331828954
0.023431979826864346,0.2541440434224765
0.006950465500855818,0.2580247704129177
0.003909539864944495,0.2601711383158102
6.279057570224289e-06,0.2600902747280599
0.0013894401730826511,0.2608028855134993
0.0008773782046272438,0.2612258821668007
0.0010498005972409269,0.2617502974875148
0.000975870902080983,0.2622352604796983
0.0009897788926203216,0.26273086845590227
0.0009715868768804675,0.2632186856008778
0.0009643582753597196,0.2637048864329911
0.0009526620686348131,0.26418683037501556
0.0009420563131823656,0.264665055473682
0.0009305703660535958,0.2651389762448516
0.0009189348363405903,0.26560842720282657
0.0009069123895454612,0.26607310970435727
0.000894613428984864,0.26653279060881174
0.0008820242758994928,0.2669872313254801
0.0008691762078663207,0.1667705086845915
0.0008560847738080524,0.06259925054519519
0.0008427714418520055,0.02886416244245415
0.0008292557448186105,0.015948320109856584
0.0008155579970998,0.01244265867913886
0.0008016982266143002,0.010666749171521606
0.0007876964648805551,0.011113273404270367
0.0007735725537984656,0.01076134905039369
0.0007593461290083675,0.010693902150040045
0.0007450365440189871,0.010519751262484651
0.0007306628199061777,0.010379632358384763
0.0007162435905683912,0.010223326471497944
0.0007017970545624141,0.010069160858744772
0.0006873409298052136,0.009910865232713624
0.0006728924126435942,0.0097509968578615
0.0006584681408771942,0.009588946473687117
0.0006440841609535175,0.009425240070772787
0.0006297558992773566,0.00925999496387951
0.0006154981376297608,0.009093472534213394
0.000601324992630381,0.008925879142010835
0.000587249899156872,0.00875743664101505
0.2225384888396006,0.13542561528772035
0.37956127646053384,0.3518285819658494
0.26026360412673644,0.5000690577857834
0.1991639570013909,0.6134031727895389
0.13724134289410636,0.691360764159257
0.10448428170666188,0.7506079547192842
0.07248424186637534,0.7915774092344241
0.05476713735437566,0.8224308748347539
0.038371960666908345,0.8439237974278396
0.028651057385241097,0.8598700950513951
0.02038776935519057,0.8711027273572718
0.014930787826848146,0.8792253240637175
0.010896788958045911,0.885051033722851
0.007724409120618586,0.8890722155461728
0.005881090407364176,0.8920483286860131
0.003942401661524819,0.8939248621263831
0.003225006210076209,0.8953996747258819
0.0019610632080465096,0.8961604217594641
0.0018139296904362279,0.8968452397896393
0.0009266375497800627,0.8970311326794391
0.0010603495666808294,0.8973014753465958
0.00039002932912471366,0.7703594984834667
0.0006544294168498443,0.5538413001727902
0.00011493082617150541,0.4051849154296101
0.0004326808345233579,0.29162418619140007
2.3021903879177907e-05,0.2132137170541274
0.00030878204391215913,0.1536848601039847
8.92780068764698e-05,0.11231630932712822
0.00023711750493229933,0.08115629798458915
0.00011827046648341111,0.059297046441489185
0.00019355429242298716,0.043035616102735985
0.00012809984118253293,0.03145866209473139
0.00016530251651339367,0.023021241917397246
0.00012826554330402917,0.016867799966116172
0.0001455651249701595,0.012537031968602785
0.00012373778520782808,0.009247116184513442
0.00013071376556361702,0.0070690088153927575
0.00011710273162621188,0.005293063970564187
0.00011879743714035551,0.004240340672903528
0.0001096927621532795,0.0032664909995989855
0.00010875457877088102,0.0027991293018794538
0.00010218200700495839,0.00225160498206467
0.1822071569507606,0.1061471064801423
0.2797091755820988,0.26560696143171314
0.1090800765699461,0.32787275899958435
0.041552294224251024,0.35136968093657156
0.01679071079088648,0.36095121744343284
0.005817350236828833,0.36409897069652813
0.0029287688510676313,0.36572153689320874
